{
  "net_pnl_pct": 16.170034578474915,
  "win_rate_pct": 39.130434782608695,
  "n_trades": 46,
  "rr_ratio": 2.0507953414590863
}