{
  "net_pnl_pct": -7.028351201777823,
  "win_rate_pct": 34.868421052631575,
  "n_trades": 152,
  "rr_ratio": 1.778556251175621
}