{
  "net_pnl_pct": 25.769552229183486,
  "win_rate_pct": 44.11764705882353,
  "n_trades": 34,
  "rr_ratio": 2.3948538419500656
}