{
  "net_pnl_pct": -16.26181122363176,
  "win_rate_pct": 34.375,
  "n_trades": 128,
  "rr_ratio": 1.6429073437380528
}