{
  "windows": 3,
  "total_trades": 22,
  "avg_win_rate": 76.58730158730158,
  "total_pnl": 322.46000000000004,
  "avg_trade": 14.657272727272728,
  "window_results": [
    {
      "window": 1,
      "n_trades": 12,
      "win_rate": 58.333333333333336,
      "total_pnl": -37.089999999999975,
      "avg_pnl": -3.090833333333331,
      "n_sl": 1,
      "n_tp": 2,
      "n_time_exit": 9
    },
    {
      "window": 2,
      "n_trades": 7,
      "win_rate": 71.42857142857143,
      "total_pnl": 165.72,
      "avg_pnl": 23.674285714285713,
      "n_sl": 0,
      "n_tp": 2,
      "n_time_exit": 5
    },
    {
      "window": 3,
      "n_trades": 3,
      "win_rate": 100.0,
      "total_pnl": 193.83,
      "avg_pnl": 64.61,
      "n_sl": 0,
      "n_tp": 2,
      "n_time_exit": 1
    }
  ]
}