{
  "net_pnl_pct": 131.3043999999961,
  "win_rate_pct": 39.813857290589446,
  "n_trades": 1934,
  "rr_ratio": 1.6369281718029967
}